{"cameraMode":{"drawMode":0,"name":"Shaded","section":"Shading Mode"},"sceneLighting":true,"audioPlay":false,"sceneViewState":{"showFog":true,"showMaterialUpdate":false,"showSkybox":true,"showFlares":true,"showImageEffects":true,"showParticleSystems":true},"in2DMode":false,"pivot":{"x":41.65283966064453,"y":7.8776726722717289,"z":24.264535903930665},"rotation":{"x":-0.04860735684633255,"y":0.6883777976036072,"z":-0.046328749507665637,"w":-0.7222375273704529},"size":22.0,"orthographic":false}