{"cameraMode":{"drawMode":0,"name":"Shaded","section":"Shading Mode"},"sceneLighting":true,"audioPlay":false,"sceneViewState":{"showFog":true,"showMaterialUpdate":false,"showSkybox":true,"showFlares":true,"showImageEffects":true,"showParticleSystems":true},"in2DMode":false,"pivot":{"x":-14.497308731079102,"y":17.856159210205079,"z":52.61613464355469},"rotation":{"x":-0.1315956860780716,"y":0.11688315123319626,"z":-0.015627197921276094,"w":-0.9842645525932312},"size":33.3752326965332,"orthographic":false}