{"cameraMode":{"drawMode":0,"name":"Shaded","section":"Shading Mode"},"sceneLighting":true,"audioPlay":false,"sceneViewState":{"showFog":true,"showMaterialUpdate":false,"showSkybox":true,"showFlares":true,"showImageEffects":true,"showParticleSystems":true},"in2DMode":false,"pivot":{"x":12.450104713439942,"y":9.52371883392334,"z":-0.8978252410888672},"rotation":{"x":0.07154347747564316,"y":-0.22483474016189576,"z":0.01655510440468788,"w":0.9716258645057678},"size":22.42262077331543,"orthographic":false}